{
    "uid": "15b3db9c-2007-487f-ba8a-c80c7c2ab400",
    "name": "5_Default_NeuralNetwork",
    "preprocessing": [
        {
            "scale": [
                {
                    "scale": [
                        1039.0257620001385,
                        11.883266959955987,
                        96304.95670980956,
                        1.0876584440274244,
                        4.6961230210218545,
                        0.4791574237499549,
                        78.16678563657219
                    ],
                    "mean": [
                        591.5401785714286,
                        38.245535714285715,
                        262715.1183482143,
                        1.424955357142857,
                        136.5,
                        0.6428571428571429,
                        128.58482142857142
                    ],
                    "var": [
                        1079574.5340999682,
                        141.21203364158163,
                        9274644686.878294,
                        1.183000890864158,
                        22.053571428571427,
                        0.22959183673469385,
                        6110.046376753827
                    ],
                    "n_samples_seen": 224,
                    "n_features_in": 7,
                    "columns": [
                        "creatinine_phosphokinase",
                        "ejection_fraction",
                        "platelets",
                        "serum_creatinine",
                        "serum_sodium",
                        "sex",
                        "time"
                    ],
                    "scale_method": "scale_normal"
                }
            ],
            "scale_y": {
                "scale": [
                    11.853201379642076
                ],
                "mean": [
                    61.12649107142857
                ],
                "var": [
                    140.49838294634884
                ],
                "n_samples_seen": 224,
                "n_features_in": 1,
                "columns": [
                    "target"
                ],
                "scale_method": "scale_normal"
            },
            "ml_task": "regression",
            "params": {
                "columns_preprocessing": {
                    "creatinine_phosphokinase": [
                        "scale_normal"
                    ],
                    "ejection_fraction": [
                        "scale_normal"
                    ],
                    "platelets": [
                        "scale_normal"
                    ],
                    "serum_creatinine": [
                        "scale_normal"
                    ],
                    "serum_sodium": [
                        "scale_normal"
                    ],
                    "sex": [
                        "scale_normal"
                    ],
                    "time": [
                        "scale_normal"
                    ]
                },
                "target_preprocessing": [
                    "na_exclude",
                    "scale_normal"
                ],
                "ml_task": "regression"
            }
        }
    ],
    "learners": [
        {
            "library_version": "1.1.3",
            "algorithm_name": "Neural Network",
            "algorithm_short_name": "Neural Network",
            "uid": "b4beac13-5325-4ec3-a225-7f7766dd081e",
            "params": {
                "model_type": "Neural Network",
                "ml_task": "regression",
                "n_jobs": -1,
                "dense_1_size": 32,
                "dense_2_size": 16,
                "learning_rate": 0.05,
                "seed": 5,
                "explain_level": 2
            },
            "name": "learner_fold_0"
        }
    ],
    "params": {
        "additional": {
            "max_rows_limit": null,
            "max_cols_limit": null
        },
        "preprocessing": {
            "columns_preprocessing": {
                "creatinine_phosphokinase": [
                    "scale_normal"
                ],
                "ejection_fraction": [
                    "scale_normal"
                ],
                "platelets": [
                    "scale_normal"
                ],
                "serum_creatinine": [
                    "scale_normal"
                ],
                "serum_sodium": [
                    "scale_normal"
                ],
                "sex": [
                    "scale_normal"
                ],
                "time": [
                    "scale_normal"
                ]
            },
            "target_preprocessing": [
                "na_exclude",
                "scale_normal"
            ],
            "ml_task": "regression"
        },
        "validation_strategy": {
            "validation_type": "split",
            "train_ratio": 0.75,
            "shuffle": true,
            "X_path": "AutoML_1\\X.data",
            "y_path": "AutoML_1\\y.data",
            "results_path": "AutoML_1"
        },
        "learner": {
            "model_type": "Neural Network",
            "ml_task": "regression",
            "n_jobs": -1,
            "dense_1_size": 32,
            "dense_2_size": 16,
            "learning_rate": 0.05,
            "seed": 5,
            "explain_level": 2
        },
        "automl_random_state": 1234,
        "ml_task": "regression",
        "explain_level": 2,
        "name": "5_Default_NeuralNetwork",
        "status": "initialized",
        "final_loss": null,
        "train_time": null,
        "data_type": "original",
        "max_time_for_learner": 360.0
    },
    "saved": [
        "5_Default_NeuralNetwork\\learner_fold_0.neural_network"
    ],
    "predictions_fname": "5_Default_NeuralNetwork\\predictions_validation.csv",
    "metric_name": "rmse",
    "final_loss": 11.425838527077913,
    "train_time": 2.3405368328094482,
    "is_stacked": false
}