feature,mean_importance
platelets,-0.008745403219407245
serum_sodium,-0.008016512106209706
smoking,-0.0009488396389808696
serum_creatinine,0.0056261902299122426
anaemia,0.00882924623566177
creatinine_phosphokinase,0.010142601136403173
high_blood_pressure,0.010777775984717608
diabetes,0.014205393420033885
DEATH_EVENT,0.015069669785850226
ejection_fraction,0.016819403740396477
time,0.03732277967003643
sex,0.05995844010172162
