feature,mean_importance
creatinine_phosphokinase,-0.029455266847853313
platelets,-0.01620011554615435
diabetes,-0.005878143576594086
sex,0.000850256396659832
high_blood_pressure,0.0025591325430201818
smoking,0.00856251231526275
anaemia,0.009864022326957978
time,0.03028713036303614
serum_sodium,0.04302672193856969
ejection_fraction,0.058436117283309795
serum_creatinine,0.08833518025356106
DEATH_EVENT,0.1590283285851525
