feature,mean_importance
platelets,-0.05150384143107857
serum_sodium,-0.014727590446029181
high_blood_pressure,-0.00875034436168226
creatinine_phosphokinase,-0.006168677595965277
anaemia,-0.0034904975245570345
sex,-0.00031482575200106886
diabetes,0.004241558351235897
smoking,0.005013915352969389
serum_creatinine,0.04155689966007059
age,0.0491398712607636
ejection_fraction,0.05027991392614186
time,0.1502783994184847
