feature,mean_importance
platelets,-0.05041006813098907
creatinine_phosphokinase,-0.003023793008101805
smoking,-0.0009629925355943758
anaemia,0.0005391293849996703
sex,0.0020416027104561917
high_blood_pressure,0.002244069954198502
ejection_fraction,0.007845501034503499
diabetes,0.008412809198522964
serum_sodium,0.041897480547351894
time,0.04207073562308994
DEATH_EVENT,0.045062526584410414
serum_creatinine,0.046162411020766236
