feature,shap_importance
serum_creatinine,0.15992928191478406
ejection_fraction,0.07881132703366439
DEATH_EVENT,0.07211097513394314
platelets,0.069544664984111
time,0.06706331658541059
serum_sodium,0.05712031872402304
creatinine_phosphokinase,0.021087206370880848
diabetes,0.010055212938585698
high_blood_pressure,0.0069117231592960545
smoking,0.006812219485202191
anaemia,0.005273066904801945
sex,0.002866745113183984
