feature,weight
intercept,-1.7039881111305848
age,0.4144712209767013
anaemia,0.2973105075700198
creatinine_phosphokinase,0.15913202202182627
diabetes,0.35340062016130075
ejection_fraction,-0.478171860556275
high_blood_pressure,0.32684290872301247
platelets,-0.5207790112432573
serum_creatinine,0.4593115514863657
serum_sodium,-0.5241609260988128
sex,-0.15914169613842621
smoking,-0.04032472067065514
time,-1.4522233648336444
