feature,shap_importance
time,1.333111944915353
ejection_fraction,0.4821779749582894
serum_sodium,0.4687747717546176
platelets,0.3979825776528282
age,0.3813607686100119
serum_creatinine,0.3037073889747543
diabetes,0.1634477868246016
high_blood_pressure,0.160619943715309
sex,0.15432099915226605
anaemia,0.13336499910998031
creatinine_phosphokinase,0.11162230259347929
smoking,0.01552501745820223
