feature,mean_importance
platelets,-0.015603602181545117
anaemia,-0.005970046737184031
serum_sodium,-0.005318066760898954
diabetes,-0.00423903987317229
high_blood_pressure,-0.0024716662386329523
smoking,8.302987645621984e-05
sex,0.014734034641589422
creatinine_phosphokinase,0.016232526421854243
serum_creatinine,0.03935575944895396
age,0.043092151651540546
ejection_fraction,0.0696294881565139
time,0.40308125084426544
