feature,weight
intercept,-0.15875590560665553
anaemia,0.11391705540638722
creatinine_phosphokinase,-0.052762986479241575
diabetes,-0.08614063814809561
ejection_fraction,0.192680360847297
high_blood_pressure,0.06104587386828675
platelets,-0.043611950545299996
serum_creatinine,0.06917724665301056
serum_sodium,-0.0320225000192102
sex,0.09862958550041315
smoking,-0.1595733432052619
time,-0.05668465728148796
DEATH_EVENT,0.5076618613779025
