feature,shap_importance
time,0.2298848366463154
serum_creatinine,0.06063547057952968
serum_sodium,0.036726054732547045
ejection_fraction,0.03568756330780896
age,0.021884054261021735
platelets,0.006177539038076142
creatinine_phosphokinase,0.002272868959482935
anaemia,0.0016962918945286538
diabetes,0.0
high_blood_pressure,0.0
sex,0.0
smoking,0.0
