feature,mean_importance
creatinine_phosphokinase,-0.0013623633443612837
high_blood_pressure,0.0
platelets,0.0
diabetes,1.1102230246251566e-17
sex,1.1102230246251566e-17
smoking,1.1102230246251566e-17
anaemia,0.0004138003054976913
serum_sodium,0.0097414981313536
age,0.018579888806729318
ejection_fraction,0.046325828610916595
serum_creatinine,0.08311680538330989
time,0.34533245368999
