feature,mean_importance
platelets,-0.03552914801985024
age,-0.02164634442222969
anaemia,-0.010976799976612828
diabetes,0.0
high_blood_pressure,0.0
sex,0.000522301346063636
creatinine_phosphokinase,0.0005276956196342386
smoking,0.0033270923686879116
serum_sodium,0.007568286891494502
serum_creatinine,0.019201128450887582
ejection_fraction,0.045932818363819815
time,0.25203991689320127
